<application>
  <component name="ProjectManager">
    <defaultProject>
      <component name="GOROOT" path="D:\Go" />
      <component name="ProjectInspectionProfilesVisibleTreeState">
        <entry key="Project Default">
          <profile-state>
            <expanded-state>
              <State />
            </expanded-state>
            <selected-state>
              <State>
                <id>CSS</id>
              </State>
            </selected-state>
          </profile-state>
        </entry>
      </component>
      <component name="PropertiesComponent">
        <property name="go.import.settings.migrated" value="true" />
        <property name="last_opened_file_path" value="D:/www" />
        <property name="settings.editor.selected.configurable" value="GitLabConfigurableProvider" />
      </component>
    </defaultProject>
  </component>
</application>