<application>
  <component name="AppStorage">
    <histories>
      <item value="You should instead think of Microservices as a specific approach for SOA in the same way that XP or Scrum are specific approaches for Agile software development. " />
      <item value=" In the future, functions will be added for creating // sharded and other types of connections." />
      <item value="面试" />
      <item value="设计模式" />
      <item value="时长" />
      <item value="直播" />
      <item value="主播" />
      <item value="市" />
      <item value="省" />
      <item value="out" />
      <item value="into" />
      <item value="guest" />
      <item value="transForm" />
      <item value="PornCensorship" />
      <item value="{&quot;user Id&quot;:&quot;222&quot;,&quot;room Info&quot;:{&quot;stream&quot;:&quot;666&quot;,&quot;title&quot;:&quot;t&quot;,&quot;cover&quot;:&quot;1&quot;,&quot;intro&quot;:&quot;u&quot;,&quot;tag&quot;:&quot;taa&quot;,&quot;push Switch&quot;:1,&quot;forbid Comment&quot;:0,&quot;connect Switch&quot;:1,&quot;type&quot;:1},&quot;radio Info&quot;:{&quot;name&quot;:&quot;&quot;,&quot;stream&quot;:&quot;&quot;}}" />
      <item value="stream" />
      <item value="radio" />
      <item value="forbid" />
      <item value="forbit" />
      <item value="操作" />
      <item value="发起" />
      <item value="连麦" />
      <item value="添加管理员" />
      <item value="修改" />
      <item value="silence" />
      <item value="gag" />
      <item value="禁言" />
      <item value="举报" />
    </histories>
    <option name="languageScores">
      <map>
        <entry key="CHINESE" value="3" />
        <entry key="ENGLISH" value="3" />
      </map>
    </option>
  </component>
</application>